{
  "Articles 3.xlsx": {
    "last_modified": 1759059014.9444277,
    "embedded": true
  },
  "Articles 6.xlsx": {
    "last_modified": 1759059014.9479034,
    "embedded": true
  },
  "Articles 7.xlsx": {
    "last_modified": 1759059014.9508927,
    "embedded": true
  },
  "Articles 8.xlsx": {
    "last_modified": 1759059014.9538927,
    "embedded": true
  },
  "Articles A August 10.xlsx": {
    "last_modified": 1759059014.9559288,
    "embedded": true
  },
  "Articles A august 24.xlsx": {
    "last_modified": 1759059014.961977,
    "embedded": true
  },
  "Articles A August 31.xlsx": {
    "last_modified": 1759059014.957889,
    "embedded": true
  },
  "Articles A July 21.xlsx": {
    "last_modified": 1759059014.9598877,
    "embedded": true
  },
  "Articles A September 7.xlsx": {
    "last_modified": 1759059014.961977,
    "embedded": true
  },
  "Articles A up to April 6.xlsx": {
    "last_modified": 1759059014.961977,
    "embedded": true
  },
  "Articles A up to June 8.xlsx": {
    "last_modified": 1759059014.961977,
    "embedded": true
  },
  "Feb N 2025.xlsx": {
    "last_modified": 1759059014.961977,
    "embedded": true
  },
  "Jan N 2025.xlsx": {
    "last_modified": 1759059014.961977,
    "embedded": true
  },
  "July 2 Articles A .xlsx": {
    "last_modified": 1759059014.9776032,
    "embedded": true
  },
  "june july.xlsx": {
    "last_modified": 1757527123.018381,
    "embedded": true
  },
  "March N 2025.xlsx": {
    "last_modified": 1759059014.9776032,
    "embedded": true
  },
  "week 24.xlsx": {
    "last_modified": 1759059015.0895357,
    "embedded": true
  },
  "week 35 n2025.xlsx": {
    "last_modified": 1759059015.0915349,
    "embedded": true
  },
  "week 36-37 N.xlsx": {
    "last_modified": 1759059015.0925353,
    "embedded": true
  },
  "april n 2025.xlsx": {
    "last_modified": 1759223582.189291,
    "embedded": true
  }
}